movieId,title,review\_text
101,War 2,"Action-packed and thrilling! Loved every minute."
102,Jolly LLB 3,"Funny and entertaining, a great courtroom drama."
103,Baaghi 4,"Non-stop action, really enjoyed the stunts."
104,Superman,"Visually stunning with a heroic storyline."
105,Mission: Impossible – The Final Reckoning,"Edge-of-the-seat action and suspense."
106,Captain America: Brave New World,"Great superhero movie with exciting scenes."
107,Jurassic World Rebirth,"Amazing CGI and thrilling dinosaur sequences."
108,The Fantastic Four: First Steps,"Fun superhero movie suitable for all ages."
109,How to Train Your Dragon,"Beautiful animation with a heartwarming story."
110,Thunderbolts,"Superhero team dynamics were very entertaining."
